{
  "metadata": {
    "source_file": "optimization_results_20260218_113217.csv",
    "n_total_trials": 160,
    "n_viable_trials": 40,
    "score_column": "tuned_score",
    "score_threshold": 0.06272753682750462,
    "viable_fraction": 0.25
  },
  "param_ranges": {
    "tau_v": {
      "viable_low": 34.4423289996278,
      "viable_high": 101.13438100409425,
      "full_low": 30.0,
      "full_high": 150.0,
      "mean": 54.07465443437741,
      "std": 18.71757485252349,
      "median": 46.03818631650525,
      "p5": 40.0,
      "p95": 95.57671000372204,
      "n_samples": 40
    },
    "tau_w": {
      "viable_low": 484.86747341120224,
      "viable_high": 1265.012047871709,
      "full_low": 300.0,
      "full_high": 1600.0,
      "mean": 894.1327177293199,
      "std": 200.03308656559625,
      "median": 883.0482462743105,
      "p5": 549.8795212829111,
      "p95": 1200.0,
      "n_samples": 40
    },
    "a": {
      "viable_low": 0.5861844296430193,
      "viable_high": 0.7662184314203976,
      "full_low": 0.5,
      "full_high": 0.8,
      "mean": 0.6691728464628827,
      "std": 0.04951988321167607,
      "median": 0.6571410520501217,
      "p5": 0.6011872631244675,
      "p95": 0.7512155979389494,
      "n_samples": 40
    },
    "b": {
      "viable_low": 0.7482220344137603,
      "viable_high": 0.9683434514169308,
      "full_low": 0.7,
      "full_high": 1.0,
      "mean": 0.8652888979186606,
      "std": 0.060855886946412495,
      "median": 0.8666117607362375,
      "p5": 0.7665654858306912,
      "p95": 0.95,
      "n_samples": 40
    },
    "v_scale": {
      "viable_low": 0.5,
      "viable_high": 8.7,
      "full_low": 0.5,
      "full_high": 10.0,
      "mean": 4.523905769484148,
      "std": 2.4315640000884566,
      "median": 4.2992768491471125,
      "p5": 1.0,
      "p95": 8.0,
      "n_samples": 40
    },
    "R_off": {
      "viable_low": 65.27403986811348,
      "viable_high": 266.79326910289876,
      "full_low": 50.0,
      "full_high": 300.0,
      "mean": 182.23085187454927,
      "std": 56.9362245748346,
      "median": 185.80308685406345,
      "p5": 82.06730897101225,
      "p95": 250.0,
      "n_samples": 40
    },
    "R_on": {
      "viable_low": 3.1334099790159993,
      "viable_high": 32.442417274634906,
      "full_low": 2.0,
      "full_high": 50.0,
      "mean": 17.868635640851114,
      "std": 6.693567530217638,
      "median": 17.555797961133482,
      "p5": 5.575827253650909,
      "p95": 30.0,
      "n_samples": 40
    },
    "alpha": {
      "viable_low": 0.0024406502381235772,
      "viable_high": 0.01614175906926149,
      "full_low": 0.0001,
      "full_high": 0.02,
      "mean": 0.00899076407855175,
      "std": 0.0037383806866471978,
      "median": 0.008580000540170551,
      "p5": 0.00358240930738507,
      "p95": 0.015,
      "n_samples": 40
    }
  },
  "multimodality": {
    "tau_v": {
      "bimodality_coeff": 0.8092621374084776,
      "is_multimodal": true
    },
    "tau_w": {
      "bimodality_coeff": 0.48608718380474025,
      "is_multimodal": false
    },
    "a": {
      "bimodality_coeff": 0.5215950081401476,
      "is_multimodal": false
    },
    "b": {
      "bimodality_coeff": 0.594793369920229,
      "is_multimodal": true
    },
    "v_scale": {
      "bimodality_coeff": 0.6618332281774955,
      "is_multimodal": true
    },
    "R_off": {
      "bimodality_coeff": 0.6011066272077212,
      "is_multimodal": true
    },
    "R_on": {
      "bimodality_coeff": 0.3930669856266619,
      "is_multimodal": false
    },
    "alpha": {
      "bimodality_coeff": 0.5312121777173575,
      "is_multimodal": false
    }
  }
}