{
  "step_only": {
    "tau_v": {
      "rmse": 14.710357234230836,
      "nrmse": 12.31040121298948,
      "r2": 0.8253669630138148,
      "n_train": 320,
      "n_test": 80
    },
    "tau_w": {
      "rmse": 205.51032421920755,
      "nrmse": 15.891697347902936,
      "r2": 0.6858089625690447,
      "n_train": 320,
      "n_test": 80
    },
    "a": {
      "rmse": 0.06221578528172583,
      "nrmse": 20.827145933811664,
      "r2": 0.46045697829945775,
      "n_train": 320,
      "n_test": 80
    },
    "b": {
      "rmse": 0.08011527113611372,
      "nrmse": 26.824961070666305,
      "r2": 0.013306297342693618,
      "n_train": 320,
      "n_test": 80
    },
    "v_scale": {
      "rmse": 2.6738130216880904,
      "nrmse": 28.284478229585652,
      "r2": 0.02182811339391255,
      "n_train": 320,
      "n_test": 80
    },
    "R_off": {
      "rmse": 79.97482351382169,
      "nrmse": 32.215902805367364,
      "r2": -0.15674537962339175,
      "n_train": 320,
      "n_test": 80
    },
    "R_on": {
      "rmse": 14.5794858557265,
      "nrmse": 30.61990557870074,
      "r2": 0.01702891955987429,
      "n_train": 320,
      "n_test": 80
    },
    "alpha": {
      "rmse": 0.0033195431232882623,
      "nrmse": 17.02238062746165,
      "r2": 0.3033562693344677,
      "n_train": 320,
      "n_test": 80
    }
  },
  "pp_only": {
    "tau_v": {
      "rmse": 19.407072266725304,
      "nrmse": 16.24085956369105,
      "r2": 0.696051493416332,
      "n_train": 320,
      "n_test": 80
    },
    "tau_w": {
      "rmse": 216.42032546170773,
      "nrmse": 16.735345658369926,
      "r2": 0.6515643404822498,
      "n_train": 320,
      "n_test": 80
    },
    "a": {
      "rmse": 0.04703100076091661,
      "nrmse": 15.743938806290773,
      "r2": 0.6916859289526007,
      "n_train": 320,
      "n_test": 80
    },
    "b": {
      "rmse": 0.06961727492181155,
      "nrmse": 23.30992160596534,
      "r2": 0.25494937810701535,
      "n_train": 320,
      "n_test": 80
    },
    "v_scale": {
      "rmse": 2.7096583131554803,
      "nrmse": 28.663661574837835,
      "r2": -0.004574543359562977,
      "n_train": 320,
      "n_test": 80
    },
    "R_off": {
      "rmse": 82.19539824568166,
      "nrmse": 33.110407057962455,
      "r2": -0.22187337290775266,
      "n_train": 320,
      "n_test": 80
    },
    "R_on": {
      "rmse": 15.094418117850191,
      "nrmse": 31.70136876620136,
      "r2": -0.05363229736827968,
      "n_train": 320,
      "n_test": 80
    },
    "alpha": {
      "rmse": 0.00407203634230575,
      "nrmse": 20.881112241410683,
      "r2": -0.04828022724627967,
      "n_train": 320,
      "n_test": 80
    }
  },
  "tri_only": {
    "tau_v": {
      "rmse": 19.05662325663923,
      "nrmse": 15.947585386173763,
      "r2": 0.7069296627135443,
      "n_train": 320,
      "n_test": 80
    },
    "tau_w": {
      "rmse": 203.82914700394855,
      "nrmse": 15.761695317131046,
      "r2": 0.6909284163101304,
      "n_train": 320,
      "n_test": 80
    },
    "a": {
      "rmse": 0.06264452813943457,
      "nrmse": 20.970670443309448,
      "r2": 0.45299513327826657,
      "n_train": 320,
      "n_test": 80
    },
    "b": {
      "rmse": 0.08118343696431157,
      "nrmse": 27.182614566087192,
      "r2": -0.013180003769503124,
      "n_train": 320,
      "n_test": 80
    },
    "v_scale": {
      "rmse": 2.9662199642244116,
      "nrmse": 31.377655550985157,
      "r2": -0.20381518131936316,
      "n_train": 320,
      "n_test": 80
    },
    "R_off": {
      "rmse": 81.74491348736568,
      "nrmse": 32.92894028440091,
      "r2": -0.2085167381260895,
      "n_train": 320,
      "n_test": 80
    },
    "R_on": {
      "rmse": 15.182989083227255,
      "nrmse": 31.887385929199937,
      "r2": -0.06603357365016982,
      "n_train": 320,
      "n_test": 80
    },
    "alpha": {
      "rmse": 0.003227139223878053,
      "nrmse": 16.548540014822116,
      "r2": 0.34160047729370635,
      "n_train": 320,
      "n_test": 80
    }
  },
  "step_pp": {
    "tau_v": {
      "rmse": 13.092975339186523,
      "nrmse": 10.956890912349811,
      "r2": 0.8616571661899597,
      "n_train": 320,
      "n_test": 80
    },
    "tau_w": {
      "rmse": 205.47415909560127,
      "nrmse": 15.88890077210518,
      "r2": 0.6859195337333395,
      "n_train": 320,
      "n_test": 80
    },
    "a": {
      "rmse": 0.04704422358316806,
      "nrmse": 15.748365233562255,
      "r2": 0.6915125388401555,
      "n_train": 320,
      "n_test": 80
    },
    "b": {
      "rmse": 0.06924199350895402,
      "nrmse": 23.1842662952151,
      "r2": 0.26296032164215577,
      "n_train": 320,
      "n_test": 80
    },
    "v_scale": {
      "rmse": 2.6929750415564744,
      "nrmse": 28.487180411602857,
      "r2": 0.007757635765905713,
      "n_train": 320,
      "n_test": 80
    },
    "R_off": {
      "rmse": 80.41208270972078,
      "nrmse": 32.392041984385415,
      "r2": -0.16942887791369876,
      "n_train": 320,
      "n_test": 80
    },
    "R_on": {
      "rmse": 14.403671867775241,
      "nrmse": 30.250660204497926,
      "r2": 0.04059326867290247,
      "n_train": 320,
      "n_test": 80
    },
    "alpha": {
      "rmse": 0.0034436040528874785,
      "nrmse": 17.658556235429852,
      "r2": 0.25031206089978975,
      "n_train": 320,
      "n_test": 80
    }
  },
  "step_tri": {
    "tau_v": {
      "rmse": 14.443433997547132,
      "nrmse": 12.087025799032856,
      "r2": 0.8316469882605748,
      "n_train": 320,
      "n_test": 80
    },
    "tau_w": {
      "rmse": 182.54191638827402,
      "nrmse": 14.11559686633752,
      "r2": 0.7521141626326941,
      "n_train": 320,
      "n_test": 80
    },
    "a": {
      "rmse": 0.05921678102961166,
      "nrmse": 19.823209409791776,
      "r2": 0.5112187954604503,
      "n_train": 320,
      "n_test": 80
    },
    "b": {
      "rmse": 0.0793305006700141,
      "nrmse": 26.562196719950133,
      "r2": 0.03254197099766698,
      "n_train": 320,
      "n_test": 80
    },
    "v_scale": {
      "rmse": 2.805624529928219,
      "nrmse": 29.678823946726702,
      "r2": -0.0769913337457111,
      "n_train": 320,
      "n_test": 80
    },
    "R_off": {
      "rmse": 79.44921763618672,
      "nrmse": 32.00417532509488,
      "r2": -0.141590753743291,
      "n_train": 320,
      "n_test": 80
    },
    "R_on": {
      "rmse": 14.604279087370038,
      "nrmse": 30.671976441790733,
      "r2": 0.013682882245858008,
      "n_train": 320,
      "n_test": 80
    },
    "alpha": {
      "rmse": 0.003145570354168269,
      "nrmse": 16.13026066251885,
      "r2": 0.37446313435634915,
      "n_train": 320,
      "n_test": 80
    }
  },
  "pp_tri": {
    "tau_v": {
      "rmse": 17.528978457019797,
      "nrmse": 14.669171810296014,
      "r2": 0.752033402800538,
      "n_train": 320,
      "n_test": 80
    },
    "tau_w": {
      "rmse": 197.7603060931903,
      "nrmse": 15.29240413493492,
      "r2": 0.7090591156004481,
      "n_train": 320,
      "n_test": 80
    },
    "a": {
      "rmse": 0.04875623949115152,
      "nrmse": 16.32147389071605,
      "r2": 0.6686512711076031,
      "n_train": 320,
      "n_test": 80
    },
    "b": {
      "rmse": 0.07049401479256812,
      "nrmse": 23.603480032075993,
      "r2": 0.2360653068480184,
      "n_train": 320,
      "n_test": 80
    },
    "v_scale": {
      "rmse": 2.7516748735579832,
      "nrmse": 29.10812664339239,
      "r2": -0.03597039574877203,
      "n_train": 320,
      "n_test": 80
    },
    "R_off": {
      "rmse": 81.02407666044793,
      "nrmse": 32.63856878829504,
      "r2": -0.18729700937665972,
      "n_train": 320,
      "n_test": 80
    },
    "R_on": {
      "rmse": 14.217733529992504,
      "nrmse": 29.860151622596753,
      "r2": 0.06520352983240163,
      "n_train": 320,
      "n_test": 80
    },
    "alpha": {
      "rmse": 0.003347339463529322,
      "nrmse": 17.164918279801302,
      "r2": 0.291640669502397,
      "n_train": 320,
      "n_test": 80
    }
  },